Age,Weight (kg),Height (cm),Full Name
66,101.22026961918706,192.58723301838344,Lapm DwtncrsDwtncrs
37,93.74351456931984,153.44996483842112,Hp QumhQumh
46,44.16847583636127,192.4771743780008,Qzf LzwjzyLzwjzy
67,46.5248790032487,156.5672997361072,Ji VttpmuswmVttpmuswm
67,46.994480736673125,174.54265395804933,Dos BpnBpn
21,77.15371361482515,166.2241196368098,Wk HvdwnHvdwn
49,51.30596867361103,171.17786855677477,Nll CozovuCozovu
19,84.90539230629487,188.68414018566284,Ug IomsuIomsu
46,129.7519775468712,174.085978957136,Edy TbtwTbtw
33,113.41687426407132,157.3568322139041,Kv WfkfdgfWfkfdgf
19,128.38483457004202,195.92586688829567,Fvihvr CqeufgCqeufg
25,100.94775048728414,190.4878051537754,Ao DczeehwDczeehw
31,85.83041820399343,176.2386662178377,Mk LvopgfnrmtLvopgfnrmt
53,66.09367041565531,185.28355075709956,Vb GaefGaef
69,133.26595673297993,189.865578406868,Ze OyxOyx
41,115.2853827342405,172.58685148230242,Eys DhskxkDhskxk
56,132.86936013668276,187.7727736938098,Ku PcwrullPcwrull
63,82.34401311105461,161.18959110903586,Zn AbrAbr
46,107.32903700121167,153.14581745245886,Vlgjwg ZxpmleZxpmle
30,71.69470688517683,179.86617960569424,Yio CiwiCiwi
19,73.92746471249482,159.3161297967687,Mfxcju XuahwfXuahwf
54,68.83871795677705,151.46465481187855,Xjv BkyxBkyx
34,119.73086228451366,197.91059762629777,Lft XxflxrXxflxr
64,96.37877726768548,165.76017270444373,Ab DlycjtriDlycjtri
61,126.02563736606533,192.61782775736532,Fc AtrAtr
64,148.335697446898,175.71768244950636,Gtxm DbfppDbfpp
44,101.14411596349888,185.71076846171383,Ie RloivxRloivx
41,139.86434304496004,184.9831420325388,Bvb DcsuzDcsuz
30,105.05019586110012,194.69844316422905,Cp RjotkRjotk
42,104.90401705558334,150.44950740592225,Mpff AbttAbtt
50,94.12290171134114,150.40693101618575,Lxszo QklvuQklvu
38,147.7578911447856,159.29767903552488,In OzbttxrnOzbttxrn
33,61.17029506935094,165.2878699081662,Ol ZhxqqbvZhxqqbv
28,116.62696330190812,195.25264860998584,Oorp JguyjJguyj
21,98.01731071708528,199.6867010246637,Qu EehEeh
69,75.4456189604551,188.3868714627424,Fu DwpfDwpf
62,91.15192206849014,192.0027864464428,Ej QroQro
34,81.67958822763111,173.3591587669113,Cy WwdWwd
51,127.61118628319116,159.14496964359302,Cia MlafiMlafi
69,142.9826351597477,198.95967874830768,Mg YzzYzz
56,72.55688996750537,173.07097077376835,Vxnge YahstYahst
32,55.736936713608685,196.4021210334726,Mr OxnOxn
54,100.0508652938904,157.97123619720594,Hj PdxclPdxcl
66,70.43032264917235,154.40772089146088,Fdhj RhspRhsp
38,108.49178062551748,187.984083497421,Ra WomehrxpWomehrxp
39,93.764445156787,194.48068785458705,Pcff KctpKctp
24,81.24358510765032,155.70939504527595,Pvp PfcuPfcu
63,72.4124561466381,183.8945364134134,Zqy QesQes
37,99.9363112120704,184.3751978050642,Rqk QvqxQvqx
32,102.71730046560388,193.27717758616944,Gt KzkkgznwmKzkkgznwm
48,133.3971420424616,194.61114575744213,Glpb GkdwGkdw
38,130.77571752947102,170.12850922519544,Gouh CoiaCoia
19,74.47688142908953,158.40327603073524,Qd AaxAax
58,97.54226587247324,194.7291945209439,Os EajyudwdqEajyudwdq
48,100.95637806361142,194.92301421766052,Ni DyupfDyupf
56,83.82743837533667,194.6082593023376,Txbq YvqsrlulYvqsrlul
25,141.4901197577542,189.43323155277443,Arre JyaneaJyanea
53,91.74109408416544,181.6355604997849,Cpdd DcrgsqosDcrgsqos
59,123.1934435631047,185.90102441956796,Znd GbrlmsoGbrlmso
70,72.4840689726719,187.347026523482,Pnb ZwsqZwsq
47,105.39466424301382,156.964492198174,Anw SxxsvSxxsv
48,74.28840715961877,195.19597892113163,Apj BnjouBnjou
42,46.899344040342704,187.07678307525305,Lbbh YrofazkzYrofazkz
49,143.984606811711,177.58807238400593,Lfed GsqjgnaGsqjgna
36,141.59941398575214,165.75039743036567,Wr SjaxmbnylSjaxmbnyl
34,49.17626242859272,150.1284010454374,Beddp NmecyuNmecyu
30,90.19029850401716,173.86340856420935,Zss PjyzPjyz
48,128.25169154887516,167.06327978057158,Drpby VdljbvVdljbv
35,99.77302644901252,154.25410484595503,Rm DpgDpg
43,69.52014712959328,164.09375468326533,Abhl GfsjdzvGfsjdzv
23,77.85853346314906,195.69183230351103,Aka SamlfvcSamlfvc
67,147.21367154678256,197.4900452528896,Ep WpavbqmWpavbqm
25,115.37397305362684,184.42105302791447,Ke IipIip
64,116.742379567159,197.76782107478056,Nioj LbqefhusLbqefhus
66,145.6805167638053,183.97841752979488,Mxcqg CrvanCrvan
70,61.89174490476627,166.63149863943417,La CdkCdk
48,141.60207027021988,179.28877812820693,Cco PzpnvzPzpnvz
36,60.62472781057252,190.07349434430105,Zwq WbntWbnt
67,144.27715965244204,189.2519058473046,Pf HbehhHbehh
57,75.72771286031262,189.3782862035785,Xcel SvolngsySvolngsy
68,131.01212019451154,186.54646520084867,Qkqh EhwgEhwg
68,80.80875394065409,190.90617210949975,Ap BlgBlg
61,66.7629398904327,175.63027841207946,Dy XygXyg
52,132.41385994660305,196.8233142399725,Zdy JjpaJjpa
38,131.0357726079851,153.62280532007367,Ot GkoGko
51,99.35747680575015,188.49765418348352,Fb EsqpEsqp
27,83.61283213900555,181.8762954345135,Dn FkwFkw
44,131.71964848119842,193.67650850110576,Dc SeacseSeacse
67,67.86922744857921,160.08041677115762,Hr WikpWikp
46,102.94644661627724,183.3013933125846,Bdf RrjRrj
48,95.2979640419296,150.84095207228478,Buu MorMor
48,49.815322712181725,184.28995238288456,Ysc WxvbtWxvbt
33,111.4946700718618,164.19765342078347,Xjupe JyqsdJyqsd
58,41.77193439943616,150.29675352466143,Ai KxnqdfbKxnqdfb
66,42.02978497618439,173.82959202151326,Kp FhqcqzFhqcqz
48,146.95646116879573,164.57901652850867,Dj HykruhzaHykruhza
34,44.4320616745933,152.6609096416031,Ua GtvhewnGtvhewn
44,65.25980240837244,156.06279971345165,Gk PpyhPpyh
25,71.63415184670009,154.25794346401133,Al DkqDkq
26,144.31105090152317,185.03076122543428,Krm RvxRvx
29,139.9482692975228,199.32190705505977,Zdq UyfsrsihqUyfsrsihq
23,121.10912200687838,160.63319949261802,Ga CdjaumdbCdjaumdb
32,42.98966545665707,184.0069247526554,Dcygh YiabvlYiabvl
34,45.02056099116504,191.14971567541704,Nfiia UrfjbtUrfjbt
38,129.98980902507634,190.0910329072567,Lks MrtbuMrtbu
23,60.27515796267262,182.94715845434476,Sm UosUos
54,57.40239405132574,153.75494492718772,Hbk HzbHzb
28,126.86615418572892,176.57629689253676,Nkpj CfmxkbCfmxkb
65,129.6649047884913,182.2441925168488,Qf OaaveOaave
27,109.82542484375216,196.99865128385665,Jigsk XyqebXyqeb
37,115.62529786242904,175.64799618109635,Si PsivzdxfPsivzdxf
53,50.29900387876212,160.6153182434041,Naf YhjmYhjm
52,47.64061416712462,192.1241104262841,Ainqr EeicnuEeicnu
62,77.09111483774471,198.68486357943604,Fe KtjtxtsKtjtxts
38,45.293609950337,165.23402308511828,Rr VpxcVpxc
18,116.17460325085985,174.17329079073022,Zz CuguCugu
65,82.8822112263982,184.69227512679123,Fk JpeamJpeam
22,85.00974171031974,166.69491431424174,Xogg XovkmkXovkmk
67,93.79875981064504,159.57545262216837,Znmx OusctttqOusctttq
23,134.49648089634206,199.67294828723675,Zzr FpluFplu
27,62.01840029843802,170.3023486227312,Sj VuodioVuodio
65,59.4383530786522,164.93369866866254,Fgk XrbbqgXrbbqg
22,84.00346890588605,158.4999263611793,Eijl RlvpdadRlvpdad
49,65.4265406935072,162.8207872892444,Hz PoykipmhPoykipmh
34,62.30403166955879,193.63245153654825,Rd KnrKnr
50,61.48485582114122,193.73580463869683,Fgv SkmaSkma
64,118.95569175619065,186.22226651528123,Gtqyk VoalxqVoalxq
52,123.79531914054618,167.1004187670939,Md HvfHvf
22,135.42292669371636,165.2936096009902,Lens LoznLozn
68,121.34321563622568,164.80888571601346,Wm RujjRujj
60,121.80623735831708,190.4366492737081,Blqx ZspkZspk
31,118.59912636613268,155.65006213354624,Vn LmvidwLmvidw
32,104.24235591916292,158.81217356758796,Ln VzqVzq
60,111.75924488130644,182.9987417973956,Zkyzz BvufnnhBvufnnh
52,140.99376214443947,175.19228387393647,Ybd YwxYwx
58,54.09849271323012,155.65455767353967,Wzc OcusvtOcusvt
23,53.91619368036548,156.94457344540663,Xuu DutDut
65,80.97579093773464,153.27113170024523,Pcg LaumzLaumz
48,142.71717724538476,150.96149766273226,Zp BacBac
52,108.0631459036241,170.07938798992225,Llz LdymllnLdymlln
65,41.47601193984524,197.07799566563304,Jh MoekdxnMoekdxn
59,109.76188958057487,171.58488233025886,Hqev JjbkmwJjbkmw
61,133.6434007069293,157.14276942433025,Yjkfh VtuvqVtuvq
44,99.28132848517684,174.45985514107392,Uqo EgpkjiEgpkji
52,107.84967718864984,192.42475713933496,Vuflj SlnxjnSlnxjn
68,142.66304545009143,192.76226171951092,Nni ZlaZla
49,145.17988103307312,160.66576811139132,Hisv JnjlvcdJnjlvcd
37,88.85628373659426,189.8459999595031,Ke FpsFps
65,70.67845570823839,173.50733527248786,Rpv PqzkjPqzkj
55,47.94871558878598,198.42360216862085,Voax FhmdFhmd
64,75.95546439908865,160.06159381507138,Jg UdcUdc
47,92.77769603932856,188.7640636420968,Pikg HmdzzqHmdzzq
55,71.0607388841346,153.4962511665007,Un HihHih
39,133.49528539245733,168.226140249391,Llu WlgvrpxWlgvrpx
62,126.40308871634856,186.33281232786328,Gt YehYeh
50,41.95105482364652,154.41238787841365,Qbpl QdbonzcQdbonzc
30,103.76910890285896,199.23251475784892,Er PmviqPmviq
69,148.29431401242613,167.35412508047008,Jn VrmVrm
62,121.11647469887993,171.47822701755885,Ayk GswGsw
20,145.22659203086505,194.90933521525227,Hmp HitpmHitpm
20,46.39461448313836,161.56709191970063,Uhwpmf XuocfbXuocfb
23,137.25993187045344,189.5506352966001,Pk EphpEphp
25,91.22370929252148,199.70915324832325,Cdby UuyfotdUuyfotd
21,56.171714126376415,155.03395594104617,Zjbz PdwzjqmxPdwzjqmx
44,119.38613921953517,174.83525637214925,Yjbv DaggoteDaggote
39,66.61589996955766,163.25004694073976,Orduy SxhhzmSxhhzm
55,137.86606754386025,178.05349593143535,Pl OxrghOxrgh
61,55.41348479097433,157.74372168995947,Wk MjcughqhaMjcughqha
25,137.6984658037587,178.10431677639238,Wzqdr LmntbdLmntbd
21,65.56443275024498,169.32817462197215,Ta HenHen
45,83.83901716290981,183.4159458340637,Ldri GopmGopm
68,116.72976343517593,169.16857846679858,Ns OosOos
70,61.08734979833775,171.8743316328231,Lu IocIoc
31,113.21144399112144,156.19462299898794,Hm ChuChu
41,103.3233428327594,187.7081344333808,Lbb VvftbgrhwVvftbgrhw
42,130.35555227827746,199.1126619066266,La PhyxciPhyxci
36,103.30521100398096,194.45353596417183,Pshm DmalaoDmalao
68,89.06494671289875,194.4370675289214,Gz TmnfcTmnfc
23,90.5277441433723,177.12562488179586,Kusc QpftqbkQpftqbk
31,144.79367381536136,153.81165417585945,Ow AfguvcAfguvc
46,69.79044860840004,171.46139295927622,Nz PtrukPtruk
25,93.80324933524876,183.32000774342723,Ty XyvXyv
38,129.42378810990124,184.48453343596924,Gjl TmzaTmza
54,118.7160937570405,193.4944437012283,Eo TnmTnm
30,102.6377416815792,179.33110459948324,Kjr CtlCtl
50,86.32213543572212,182.13591981860276,Somf LqhltLqhlt
60,85.19739261354403,189.70808188597283,Nljcp AovfrbAovfrb
57,69.16148368291051,152.53125317428538,Vvft TxiorTxior
70,64.37796941685696,165.27915801873627,Xlxf AtjxtzrAtjxtzr
31,57.45291793150807,188.02866171058585,Gpv ObbhdmjuaObbhdmjua
31,44.73738354668844,176.79268771510635,Cqkr PeiaaPeiaa
44,140.62916034861192,174.04219240648374,Vk WostjgnWostjgn
52,115.7824688269814,170.95409665236232,Urzcbo GqpjbzGqpjbz
22,40.70994017685698,199.40557777048247,Bx DmmuoDmmuo
29,101.88765317574276,171.90240975045344,Br RembtkaRembtka
19,55.371732076918505,160.84219003698985,Kylm MklwfbaaMklwfbaa
46,137.46996768844588,181.39406529756,Wji TtvynhTtvynh
59,63.27761298340256,189.63479493587025,Rov NhijNhij
42,47.82179911453005,168.79507086848776,Nh KtbypKtbyp
59,115.22343830894432,194.6815494291634,Byzj JofnrhJofnrh
37,136.40238405163234,196.98721654129133,Rc RbnppRbnpp
45,141.1120368305881,167.6667535184389,Ba GygirGygir
30,68.81696846995274,184.3052524872869,Jgn TzngpTzngp
26,102.12954740749814,167.89356340100608,Cf UshuxawjUshuxawj
20,52.000310600579056,199.627060616988,Qrop ZzlhiZzlhi
52,107.0318202587342,174.1373449261422,Tmv BbbhiiBbbhii
20,100.97312135800406,169.84261907491026,Lcc EyhiakqEyhiakq
24,94.02294855906943,179.10185124315996,Ryl ZojcpehawZojcpehaw
48,69.80041296937117,177.51852116109671,Fr GiczGicz
54,143.54506048502222,177.07308869201623,Td GgoqrctojrGgoqrctojr
32,107.62264209500712,166.74670013575084,Nv RbbjwdRbbjwd
24,44.56713600237483,192.2818177725265,Tmeedm HzclcgHzclcg
40,114.90153597847356,176.75777170072118,Gzg ZqwbaiqZqwbaiq
60,63.53002061430646,162.19148360383625,Aic OetfyrnOetfyrn
20,134.2502680941883,157.22016769230302,Ky DqilzsDqilzs
52,46.164211364931504,188.6422388736412,Nvc YirbuvdqlYirbuvdql
43,117.24807795247531,163.36271328961422,Kyn GxtrwGxtrw
53,87.97105658348626,170.2339668499938,Kzg GlfylGlfyl
63,119.57740603821436,163.02846768183468,Aadbgw IwemohIwemoh
61,64.85793316555548,152.50198136532097,Xar MkinMkin
70,111.2356189501226,164.80989503770928,Ilpud HbpxouHbpxou
42,80.00930098776915,198.75117215296356,Zfb KqgqKqgq
42,105.41580233100734,163.1836257813286,Ai BqibhBqibh
29,124.46586131541748,165.49669640448425,Lax FscdnFscdn
22,130.6154642539639,152.69273700778413,Ce VzlvfjnVzlvfjn
19,49.41120405702253,192.2847918806918,Mii KykkbsnKykkbsn
28,107.46483362248637,164.58520847833609,Vfiwo QbjbuQbjbu
68,110.21679599007076,197.84433547795248,Dj BweqsbBweqsb
48,49.639994702554674,183.03825386227155,Tj GppkgGppkg
69,71.70616771840666,155.3495475678377,Nkotd XmexzXmexz
19,69.132438848792,185.3268934647353,Tb UktUkt
47,77.50383905592554,178.7569904474751,Mi ZhbwcogZhbwcog
19,143.70768690660523,180.9890792633112,Zg XwpmqeXwpmqe
40,115.58915694488287,188.7914846640164,Pdhx HfrlHfrl
26,40.2627145340574,159.5273283962814,Gmn YtdyyqYtdyyq
23,62.7463665613089,168.11083310948734,Jo GokhvGokhv
53,72.3438413916806,168.14512107050194,Yt RxpRxp
62,118.62504387875654,162.5471488047713,Mug EdagtEdagt
39,104.55217680574272,181.73522168952056,Cg HyfmqHyfmq
44,140.87316952471772,170.4634811741464,Tu CoqpcxjqrCoqpcxjqr
53,117.96322601426068,198.1611514011055,Og WczoezqWczoezq
48,142.79016421549156,160.34486079875035,Zwd OfyqfalnOfyqfaln
48,130.36804068603408,180.42082854401949,Zzs FlwgxFlwgx
36,43.373609117332784,167.410704107805,Xfev SljeSlje
66,80.35019227474127,160.38460560669145,Qq WipuzwfWipuzwf
65,121.21746551503274,188.28652691398025,Xwr KjkzwmlokKjkzwmlok
51,129.37170327883888,162.0539202083244,Mf BzmcnBzmcn
49,69.12489275105433,195.54757147846365,Oow UhedzehaUhedzeha
48,130.51665477581815,188.97707626103545,Bgk GaudoGaudo
42,71.40547597288051,156.99597686686766,Jj WyedrbWyedrb
26,81.72118650615107,177.73640744530053,Mnwkn HhhojhHhhojh
59,46.30128426469904,170.56565071353612,Qnc LhhgzyuLhhgzyu
51,100.8818677532284,180.2557711391485,Acr XguzbXguzb
66,84.90109770690917,189.18109987289557,Gdr BcfrBcfr
18,130.0767305815908,160.91644788890198,Zpqpdz CbvgmhCbvgmh
27,55.8977000052226,187.674315078739,Px PpoPpo
62,106.38055714341505,168.45823026419117,Mo HlhlHlhl
49,115.92510867205188,151.18129021284182,Qlpcz AfiofbnAfiofbn
36,45.723670296244826,160.0231009411274,Yne PyndhyPyndhy
31,55.4367245720056,188.58219912761624,Irbv LkesdvhLkesdvh
32,111.08178736646435,161.91004599768166,Dn CnlCnl
42,40.25228408370669,176.04895442524173,Xs NksNks
28,146.1601224078245,175.06972350686564,Uk EiakvcccEiakvccc
62,146.84376731035204,198.80367380795465,Gypt LzkiLzki
26,47.65266622546541,195.60710854171973,Enwy WqthdcwfWqthdcwf
30,119.0160960817747,189.70423730725167,Xg VbpyxxpyVbpyxxpy
52,49.80886106911743,192.23868476649503,Hw GgjaGgja
36,110.83454399998864,189.80134340031856,Ymjqm MxwfqwkMxwfqwk
67,50.259193500145855,183.7765771968284,Crvd RppckRppck
70,77.77606113968194,174.51305446998015,Vd MhezbuzyiuMhezbuzyiu
42,93.9940915171764,189.5036758387702,Rt YkeiczmYkeiczm
40,61.20061270248463,196.61148318697505,Sad NjjxyeNjjxye
43,47.86577259643671,184.1262265753936,Vsct XjwpkXjwpk
40,84.03079056843279,166.06090523952398,Wvnh VacljmVacljm
51,76.26461879478146,168.05650705974637,Ik NcymukazzNcymukazz
27,133.543134743091,165.57434018909797,Yvw GrnxnxzltGrnxnxzlt
69,126.1658723823692,173.38407207769453,Eza ZnvZnv
27,115.77151279020372,177.81626523243523,Kuzc AlwdqporAlwdqpor
55,100.67140262775791,190.8858477432085,Ew YbxYbx
22,134.71983770718765,175.03405783938226,Yfa NhjNhj
65,56.84634400840683,183.99618426121867,Alm IbnIbn
60,81.02780624316743,195.74714240685032,Nofm CvgezecaCvgezeca
34,121.38243441943624,155.43575798148635,Pfs NlmkNlmk
60,148.62888293462817,150.9670501897717,Laz QyxesytQyxesyt
47,133.85900158367008,185.27179545058263,Yfz KficKfic
19,103.96141561194317,165.84694916046874,Vtng JvdbnJvdbn
33,113.56127336948887,175.9232229608137,Ukp HgyHgy
63,80.86423300887417,158.32678181123066,Sck XdqvroXdqvro
54,44.98150258584744,192.92050579218616,Td WcythWcyth
41,60.19124203478569,171.75149688716024,Cswta EasmknnEasmknn
31,86.16785509461336,174.6494177392931,Xb TbhborwTbhborw
67,87.10241725319155,173.03631570896218,Ix VpqsVpqs
55,146.4384179549522,161.15961435304723,Tes VelVel
28,105.63084854818386,185.1143990119259,Pf MwyMwy
37,70.86718368052937,178.6864175588503,Rys OrzduxqOrzduxq
62,110.32209588697108,156.1343493398467,Ch LsadLsad
28,46.72259524691714,170.33183606480804,Kzu FfoklhFfoklh
26,135.53762448110714,156.23874760869666,Muljv LrahuoLrahuo
55,72.31009507654143,156.81929455635716,Ae RaehRaeh
70,137.0353773190276,150.01639435571118,Kcg OekoitOekoit
70,108.3334072646456,199.756113883089,Ff WbfWbf
57,134.68046331994094,174.86700452687262,Viw AlxAlx
59,92.60800216022469,181.81290338359173,Pbhm VydvVydv
32,142.82438414137795,152.42059613640083,Rygq FxrrsFxrrs
50,86.75111122742871,169.81367463633552,Bl IwtojIwtoj
20,130.14426007243117,150.56509197551105,Onahrf FbeqsbFbeqsb
23,45.31388048377559,172.68568251163094,Smr RayujRayuj
64,103.38208950364287,159.994841701058,Hmyd XdwbXdwb
67,87.52399309604255,154.4424330278846,Pw MtedMted
36,93.92458015247266,180.60492992383345,Wm FzoefzdoFzoefzdo
28,81.9567658990041,196.9708122491004,Mqej BcczpBcczp
35,85.29708183844822,186.07944760795044,Ut KhewcoKhewco
66,60.32501255121255,190.3169549934824,Wo GrosofbfvGrosofbfv
49,123.05401757959102,163.5565813284259,Ykzm ZachrzZachrz
55,145.9911380768565,163.41370154383543,Rpd WhlcWhlc
34,90.07852065942714,190.49525335008525,Rzzyz HhcdaiHhcdai
54,72.98074246274172,194.53826272644667,Pzvmb QriziQrizi
29,136.91960044782837,169.524748384482,Aqxgq RpszubyRpszuby
70,149.00900354115163,198.38778948119585,Henv TmrnhmTmrnhm
65,101.19253127492952,161.85307842671602,Qj XjpqcmXjpqcm
25,40.93848665124993,196.91371171174896,Cl EjcpEjcp
46,116.27080015231564,189.8935294522313,Kxmn VxfmoiVxfmoi
53,137.33665377042936,163.58560383789518,Eezk PpmfmtPpmfmt
49,136.50988828917318,196.7330820608832,Cp IprIpr
44,100.68122959337448,194.02922964993195,Gtqg MlhqyMlhqy
41,86.90356942300978,177.31616759238008,Te XxunkiXxunki
49,57.8880666058464,174.69680325298964,Ntnln XqyieyXqyiey
63,146.5211436315605,196.5007835636252,Kh YgxomepgwcYgxomepgwc
62,74.64919668695342,171.3430411431011,Qik XynXyn
27,75.39036167317141,165.3965493615773,Tv UugbwUugbw
33,128.6886484816,195.06132869039575,Vukf IkwmIkwm
60,60.43358723619677,171.32074691568693,Bbu JexdJexd
20,128.4850688436971,190.6958714496,Rart PsqzlmqPsqzlmq
53,82.90490506558359,159.9242148914341,Sa PdfaPdfa
37,109.7386909104213,197.1688759270949,Hfdp TcwwTcww
46,84.06415742410087,159.35425514314963,Sn DxqpkiextiDxqpkiexti
60,134.53683019594763,161.94657334324606,Azmth OrkyyvOrkyyv
36,96.6256763809703,183.0105476584542,Bi WzubuWzubu
56,149.07498013333327,184.34429634504053,Xev ZaimujZaimuj
29,79.9180286837901,187.8793280163169,Nbu MbvzMbvz
67,142.58390001701966,170.52171427869473,Idow YcelYcel
39,118.05349237137456,164.40739891339624,Yjg SemSem
49,144.24582831068517,173.84693322236714,Cpr BwzBwz
37,118.48784224764626,186.20800200471052,Lr DqtrdhshpDqtrdhshp
46,135.31408114881512,166.35381637194314,Wp FsabFsab
24,130.9613294764128,180.73992251769997,Ydex XrggjzhXrggjzh
66,47.54312550653242,195.59455569239773,Kj YjzYjz
57,41.89757292830811,156.77199717731486,Or PkooPkoo
26,59.58010600881423,157.89092865430985,Jrab SmrqjabSmrqjab
39,40.70343308940797,197.53966197353887,Zzwbbi ZdlcazZdlcaz
37,54.282107331963815,151.331731851854,Qmy ZxwtzZxwtz
49,90.88508099158808,170.98915156155323,Moi YkkbpzYkkbpz
35,105.22618603568549,184.92104101651785,Tqgqe MlwxjctMlwxjct
26,53.85913060975686,191.62610232295228,Lqh OjtsOjts
57,129.40694976269162,194.56092615902983,Xk TadxesoTadxeso
68,40.47615531562271,193.0841198100581,Mvy PxyPxy
40,93.62923175212713,165.71267621105645,Xksh HfwluqlHfwluql
25,130.7486294979131,156.95982214632593,Fh QapgtQapgt
37,59.49549380656485,158.29298901597355,Nosr XmjampeXmjampe
69,148.30096483980878,159.7845914998494,Rdl KrxhKrxh
57,147.08849667317511,167.30614432365732,Ty OpzOpz
52,81.12726481790669,199.25524776262375,Lm WriomuwWriomuw
36,135.21937398503644,195.3180258577001,Xuq HhkbbkvcHhkbbkvc
37,58.66495698969894,157.82985794395998,Iv TpmizztnTpmizztn
59,55.87094364308346,194.28504873397077,Lvx InvbcsInvbcs
27,138.93868726132905,192.8282382964439,Mw WtdWtd
64,67.90607520834385,182.5035706643837,Qs YqxYqx
56,78.79411853863462,196.09861896170472,Xcjj MlcnMlcn
59,79.51033634067346,181.77312715923765,Qm OzehqrccOzehqrcc
51,71.96701999123017,172.6626090562091,Qpfnu ZamjroZamjro
37,145.1903449544535,179.43335404422464,Ou AsrAsr
61,43.07982257663167,180.6612459397973,Kxx EcpqEcpq
22,108.09206444865698,173.67570725330347,Wq WwwocWwwoc
18,51.15444529263089,185.9884127143788,Mw SwbSwb
25,74.65141473932789,157.03505123430702,Yv JqtmJqtm
36,127.55984196888328,158.2009318455992,Bim GkisvGkisv
43,136.89762209641327,175.09740560420693,Vyqg GfwmdxtyGfwmdxty
42,68.33228694838166,163.4613126806625,Glr HlzyHlzy
65,69.89478574623517,192.2049808943602,Tnnhba CumskwCumskw
46,117.62299498310584,187.05847250405745,Iol TqnTqn
67,86.56259062225348,168.75929250440194,Ektbi ZolbzZolbz
30,55.74836183224364,166.91358160314735,Hru RvdwzlRvdwzl
25,48.05254641888259,157.98093425622105,Aw OpitvbfuvkOpitvbfuvk
39,103.7255081993578,163.1127914696008,Wls RabxzRabxz
70,40.46883120571896,150.36334249473188,Oj DnbDnb
31,95.08227323123484,188.65540451815144,Vm IqiIqi
62,40.98864032739308,198.43772630827831,Cf YgcjYgcj
50,46.58251854163176,179.75683812219654,Ye ObqxovhObqxovh
23,45.18406578830735,185.62353194196865,Dtr FzmFzm
45,138.93214239951874,172.66597399287878,Kyhr OxegOxeg
52,67.52079528514594,165.36362086417066,Ykcn RqabhRqabh
59,130.1880063560807,160.52069675078985,Ocx CdlxloneeCdlxlonee
55,130.72647040403098,185.4256312589979,Xsc LnesLnes
56,55.132605778414266,158.2646047880628,Uj NxjpNxjp
59,71.43410628567142,181.2533398697692,Kb EqgzEqgz
43,142.42533865403976,155.7766511342797,Trvt RrfuejRrfuej
62,67.62308662191256,188.47385157982544,Bs DujpucqDujpucq
54,81.30024513092746,189.8351018024452,Sdcno NdptxvNdptxv
27,81.33864141861449,158.45553519717265,Ce PdqvbqgPdqvbqg
48,64.36293874099539,185.49171533901853,Iuwt YejnebwYejnebw
40,85.52333398156038,186.312221503163,Lsupf NpubrpNpubrp
34,52.5847776651972,194.6361167055081,Pikx VprtVprt
65,101.68935699124218,168.0702494790985,Xq TfdihTfdih
33,91.78576799807064,177.46487788250334,Pu PzgwPzgw
49,71.39394724954288,185.9228566822364,Gexivb YefansYefans
26,90.74641059091844,193.30137594802767,Ueuj PekofbiPekofbi
60,123.03498287692082,154.4020504733884,Alt GddmwttbGddmwttb
40,135.80783273638278,160.03503554268156,Fwmj KlbxebmjKlbxebmj
59,101.6795993673914,193.1266555993928,Cqzdb NyalziyNyalziy
40,117.11179063657674,181.62053612125237,Dj DpbcDpbc
32,116.9368862934599,199.68625945001924,Mxf SgrhpSgrhp
60,94.83020969434712,182.22994823929488,Cl QexdQexd
63,144.3929824598615,164.9012369069858,Vu NalNal
45,76.88667040794206,167.02486086619604,Api FhyheeFhyhee
20,112.91474360042749,173.17580364269315,Yft YsaYsa
18,135.40068847407554,186.14606504198932,Njim AjkderkAjkderk
69,145.34174487970665,194.60658992147276,Obt IdbfqIdbfq
37,91.99320729258858,170.28825964152455,Gqa HatcHatc
60,121.04003114478078,183.72273590271573,Ab XnesXnes
61,88.43682779482454,169.77471925458633,Nk JysosyxJysosyx
28,99.23780439479437,190.86219362895025,Bm GjaGja
68,143.16741660982456,199.93327741753515,Csg IngxIngx
34,131.01635227309413,193.0775679290676,Uch YzstzuouYzstzuou
37,88.89075781713078,163.27424206145977,Nhq YdmYdm
21,121.93941981477218,176.65593318490406,Fadv HjkzkjhHjkzkjh
66,69.54556527138898,160.96863064320203,Ua XyuwhbaXyuwhba
27,120.23545582940542,198.83199851160407,Ileu CrxynCrxyn
28,68.42829503230507,179.08080510272833,Tw HsvHsv
28,44.64421572150904,165.22668098018687,Sw EyfrdyafkEyfrdyafk
22,119.05323698820384,189.1843016547542,Qxvf XadqwtXadqwt
23,76.86620575813754,180.7877210573406,Ub KuydtcKuydtc
45,106.5681548107305,189.1668072438018,Netz QvcbQvcb
22,86.0812958154786,188.28167404978888,Ps HvtpxlxdlHvtpxlxdl
65,52.27371807581591,190.81883999173132,Sxcb JgfcyJgfcy
62,128.2975724076079,182.7686136810877,Zw HxxsHxxs
47,138.61194466710836,167.98914410702477,Joov BocjBocj
38,143.2766001246614,184.86830103933147,Sel ScvfxuqScvfxuq
41,102.99734299551191,180.23848474138487,Vup IasbboIasbbo
69,53.53013754581771,199.64286154764915,Nh KbvKbv
46,74.84305734227377,175.57856824624577,Iglnac PszcepPszcep
54,103.94562906592212,167.81415798765735,Ug DbjgrtcDbjgrtc
21,117.35077402661308,190.91377276251103,Fvvb QyxjQyxj
23,49.65402244743884,160.55401201643227,Hu XefgsgXefgsg
22,132.929388094315,163.62004901356107,Bnv JonpJonp
43,135.62583567268712,183.50223030140347,Co JjbxlmuxvJjbxlmuxv
52,77.59258351546319,167.72105636681903,Mn TvxvhfqTvxvhfq
21,40.87220029125554,169.86070186750032,Vxno MeqrsfMeqrsf
52,148.46515366657144,159.82360500621104,Cot OgfvuoobOgfvuoob
20,91.86468601767648,168.85389474799382,Woj WraukpWraukp
22,46.92043681710416,188.664321965721,Bj YulcgYulcg
23,41.061389357416985,198.47650302504,Hy BsysstBsysst
40,129.18252755403466,163.37282841014954,Uryv JtyxoJtyxo
58,86.0923040764684,184.48983947065275,Ifrkq QcrmxQcrmx
39,147.7760679160297,190.82188219068647,Rdcw OdyeOdye
57,51.92621492663372,197.7126229696457,So BslBsl
67,70.62573123026682,192.1243080864489,Oe HqhaHqha
51,109.7622466700402,186.80993158474595,Cwv ObiyspObiysp
23,101.07834575616764,192.70561241081845,Lb YgbYgb
66,88.78678933514712,160.17207397408438,Gnq UrgmUrgm
21,141.0948607929587,169.82529195925198,Wkdzc XwvkcXwvkc
37,117.08144947247447,155.94437401883502,Mwt ZtmtgpptZtmtgppt
60,76.14540181362139,158.4869780189773,Hvbac KgzyqKgzyq
23,94.29960863088375,164.8927612304048,Zu UtsUts
36,114.79507767307652,188.1650872707406,Ebvuu FqjaxfbFqjaxfb
56,50.643608387364736,180.9029385736741,Wl TzjxlxTzjxlx
37,136.700105375362,152.2270391183411,Zrx NtcdlNtcdl
27,128.95965713545587,180.8888749273748,Mh YtnYtn
51,136.81999661248884,160.01109680696814,Xren SvyqpSvyqp
60,147.6383401867642,192.5881894392533,Gm AtdpAtdp
67,91.1876437956222,177.77247489788832,Knp LwwouxlLwwouxl
56,66.2101872293564,181.23931825822933,Ovd WhvovgWhvovg
67,121.31050884263824,186.65030231414227,Tmr OdefkfOdefkf
31,52.82699494923102,163.92304773761035,Qni JoqzaevJoqzaev
22,147.6227163203283,160.94197116552417,Ygxv ZkpzeZkpze
26,89.46036925040013,190.0386625933751,Ju IflIfl
44,147.48254772165495,163.71000211429356,Sab AkzzzsqeAkzzzsqe
70,50.07287692615788,159.4370548638263,Jl GvbygGvbyg
48,91.74485899790253,167.39110280079015,Hc ZdeZde
28,118.96991521519688,192.13831709845903,Df QyfobnnbmQyfobnnbm
59,74.39056111069422,183.8897383283588,Nrupja LwgyngLwgyng
28,49.062165562042736,151.55484338238108,Ro TlqrazxrTlqrazxr
22,44.49024733015236,180.5141356206562,Om SrzSrz
52,148.2844406948579,187.8250265175972,Puid ZftqZftq
57,146.9652724461153,162.14395854268236,Gna MeaowifMeaowif
32,122.73095770713944,190.30378380765785,Th UgizszUgizsz
54,125.94539843026354,189.49500536125836,Pm RetsRets
69,88.79337199309748,169.24946570875323,Xzl CyusbeCyusbe
41,72.04764568408777,198.25827809104536,Vpd MnpMnp
51,110.19822198776298,172.6793465180159,Ni GveGve
57,77.35775071113086,172.91334089445184,Yrs OzhecOzhec
49,111.33902070907274,194.32437085837407,Pmz LakqorvnLakqorvn
62,89.45168286799024,198.3530199653082,Mzll VzjwoyibVzjwoyib
52,51.13744895188917,180.10019802428965,Kg MpbbMpbb
67,58.12293067508569,162.90628913990068,Jo RtxRtx
25,142.28069037972216,151.19225738031636,Rpue ZaktZakt
32,132.8366769211521,193.2175565585988,Lu EsdzmkEsdzmk
59,103.91394095376708,154.30352431606914,Jqeli MooahsMooahs
53,120.09584377479996,161.4868370719399,Vqmb ZmbyZmby
19,106.61028490198184,195.8079362602616,Xl AsyretlonwAsyretlonw
36,52.9188648488114,170.30967001223053,Pjroc XwmhzmnXwmhzmn
37,78.67795890553964,170.40853475780185,Neb WmnnwmizWmnnwmiz
33,134.75487434236754,158.08244432426127,Ia NogqumiNogqumi
68,97.84125790550712,171.84994343168367,Cva NtrjrvdmlNtrjrvdml
40,118.35934968415432,152.81382998047062,Sfb TgbTgb
33,142.06241087907586,186.5221743340529,Pfb RdxwRdxw
60,125.16572946360006,159.70742607394507,Vmet FsdyFsdy
61,108.1272117100204,164.82767989822494,Fp FnbFnb
19,141.0416015915769,194.0991124526809,Wa PjzgsPjzgs
46,103.40862364225106,174.18482088255348,Cnoo TtybsTtybs
61,94.99550766665791,170.6379002414142,Ug DsxzDsxz
46,55.02852735539602,175.2537516027437,Tg EqmEqm
31,133.69045505900112,186.5473501990901,No GdedvrlfhGdedvrlfh
30,63.50127387201424,171.73823026316603,Dx AxvrxfAxvrxf
69,93.27246108190012,170.85798458903227,Jildxo SuhxchSuhxch
45,104.460229699188,185.60416633822723,Zagd AhuncapcAhuncapc
30,138.56160739277635,164.7275005025463,Xe LnzLnz
34,81.54491486903785,150.22519599154657,Chj ItrItr
70,61.28982234143543,159.39626644602407,Es ZfovuZfovu
21,149.68162236759244,157.8020416044331,Rf FsxoFsxo
40,56.99098103281345,170.2277224411588,Fpn AlvkxyvAlvkxyv
40,93.97334268122424,170.34263835283804,Uouvzx BamireBamire
43,48.8410495266282,165.56323918852988,Xav WyzjsjsWyzjsjs
26,107.60991606361593,172.34517646552877,Mo UqbqeUqbqe
69,121.26112489289577,159.10159155931146,Frqfu EdluidxEdluidx
24,44.5861657358443,180.2689690970779,Cp UirUir
59,79.35452659841911,171.2118506032185,Oeb BhyBhy
63,86.12323943410934,182.68077626487784,Xwiq MxzjiMxzji
40,60.40207129235894,194.07257199615185,Xx AtjfAtjf
35,44.24244967342525,167.9663954780078,Kz BrxBrx
67,97.0660162580838,160.41081578170423,Ofi OyjjOyjj
27,130.40268631859922,179.15069331600293,Ac LyqlLyql
67,66.59825568389378,173.80198344413245,Tjk FbzkFbzk
63,137.439596598166,179.35793435574055,Sk JhqbqlaJhqbqla
22,144.27084659609886,196.11476223093436,Psv JesjcJesjc
18,64.9429280583612,166.80063934036855,Felwnj NuvbttNuvbtt
60,74.6129489366956,163.89186184251983,St EejvftmosaEejvftmosa
40,108.45941688893464,193.9424381487388,Lnd WorapWorap
55,83.31381816774675,197.36857256822657,Xegx CqbhCqbh
55,46.81214044725839,185.8526408242788,Wgx UkaUka
36,78.95783389269437,160.80133746646635,Ozu IxusmfrsaIxusmfrsa
58,59.53864059398564,192.50367583129665,Wxwd SjoiftSjoift
63,141.0778418272872,189.95169174802092,Nf EfjdgwgbzEfjdgwgbz
23,75.811631187556,177.18717832651436,Yvz LwtzmrrsLwtzmrrs
55,135.13033694242182,191.67830502659524,Gg QevyebQevyeb
36,84.28582500682526,183.6712676327498,Gm FjsetoFjseto
53,108.29954456936734,167.23926388621916,Zxy ZsfzuqsrtZsfzuqsrt
59,94.37818175004372,188.2413490547903,Tnpt ElhimElhim
39,55.02720984095274,182.08675123639,Bkum FbnwrFbnwr
56,115.8150473520196,166.37590303727364,Ycr DymhxnbfrDymhxnbfr
23,89.11249592380392,150.660946814526,Rp XwprXwpr
23,132.5607459835787,166.97116644084005,Sto CtetihwCtetihw
38,58.5948226073868,179.1762261779907,Vn QkuzqeQkuzqe
40,130.70287933915597,180.14078167002577,Migr VwxkVwxk
20,128.2956166987505,174.88628136762117,Rhqnj UnrfdUnrfd
61,66.38599339949761,154.80891462752254,Epgh OyrzoxOyrzox
52,92.22864932064677,173.97094405464924,Tg NgkwNgkw
36,142.23361716782256,154.82031917017508,Fbu PigtvnPigtvn
53,85.42535458750284,150.1117011493876,Iq IjdogIjdog
46,80.08318434830201,157.09602579736574,Innrjk MvduqxMvduqx
35,78.73149042667195,193.08290523690988,Pxwi EfcliEfcli
40,84.66867830817478,190.18021926382784,Xircq RzrgiRzrgi
58,50.44391019515652,183.37445262585405,Xbw FbeFbe
28,126.50990754747588,153.85506518752885,Fl MbmvyMbmvy
66,84.77442141693597,152.8310464375878,Iq UywfUywf
50,76.51667403247208,160.98749879644234,Xy MwuMwu
62,124.01034021569376,198.2143623354605,Pa KgqkjbuonzKgqkjbuonz
34,52.93460149152421,192.7285639517042,Vdiwo BcmnsrBcmnsr
28,100.11524417713017,184.39427498529705,Xz PhqPhq
51,68.48140840305919,188.22319039332348,Dsxo UbdtzjfnUbdtzjfn
22,45.97285667259264,175.55950047364513,Zpkqkc PqfgbzPqfgbz
66,63.86519401025182,165.3845631562369,Kcrxo LbzaqnLbzaqn
53,94.83595381662845,160.8569616933169,Ew ZbvZbv
44,145.28521714042097,190.3129229771725,Xx OjlmpvOjlmpv
28,122.33156507278876,151.32643554723782,Vol UugUug
24,71.1045383859876,178.36110221910124,Qhzr OucnOucn
23,62.931241031517445,156.72289838597726,Di JzsJzs
29,130.91492898723408,164.87241041680102,Czx HmivcmHmivcm
24,142.12606778668243,178.7990914511086,Eng MsndbtuxsMsndbtuxs
47,127.42393522412613,177.73265851587246,Mz SdveemzkrSdveemzkr
68,65.21088389895806,168.829246297304,Sjd WtnWtn
46,44.45677600988848,155.1115726933983,Nwnh BacbpvziBacbpvzi
34,48.875211140987474,197.0004910123634,Rlml SziljSzilj
33,142.7084937349083,174.00320338261534,Hyb WaasfjaWaasfja
44,145.4922123128976,153.23804300023068,Kjaj VpgqVpgq
65,92.69747052624774,172.21696539851175,Hkn UnqnxcUnqnxc
62,55.29409339047028,182.4660109012441,Tu LalxzwjdfcLalxzwjdfc
65,87.79253988820616,156.66744794803066,Gkh SbykkSbykk
24,53.81224222446616,185.03982564376005,Wb RmaaRmaa
33,116.32781057032844,186.8052369980678,Zn KrybkxbiwmKrybkxbiwm
29,72.81795101040879,155.5274802914646,Fg SiipSiip
46,111.01136999120746,150.33210371632805,Qbex HfqrdHfqrd
49,72.52784138165114,178.76255020809464,Mi MbexxdvhyeMbexxdvhye
61,131.64874324093654,196.61820342869495,Gpl IhfhIhfh
39,48.85786745946607,174.94595158277016,Sdh McighMcigh
46,63.31525245543831,172.07367264954385,Wfsc AmjgxAmjgx
61,46.38933520637826,180.144817001268,Tm RlaRla
33,138.27013070147177,198.7924488166661,Jlw JekecdlxlJekecdlxl
26,79.0597148483192,162.3120777800443,Rgjxbn VhqrjtVhqrjt
52,42.48944897603685,189.42875648182255,Xnfj RarlRarl
68,118.81925414439068,152.34142975861872,Ekv LwizmrfdtLwizmrfdt
62,76.58800264988948,187.05462337205125,Db UtpUtp
34,57.574956012217086,178.43117680306395,Crbo WfkzdWfkzd
66,61.639160560726616,160.17121294986703,Lbq AxqmAxqm
32,129.7064234036488,150.60985399283075,Wtdqxn PshpnpPshpnp
41,51.48011958983233,153.32539165370542,To XlxehdiXlxehdi
61,140.00426102397648,161.91170449005884,Aw SpvqhqSpvqhq
51,109.18377377469068,189.8724460884688,Xr JfqgyhJfqgyh
49,40.54154588065499,173.90361432122117,Vv FfvFfv
38,124.14593313108831,155.12399472656972,Vmd SheShe
56,125.30622871691403,170.70443369256031,Uf UisUis
24,99.46235885229166,196.42644113936348,Ktld AdtobkAdtobk
32,142.96298854948282,199.6230673083089,Vf GtkGtk
27,47.6287392119373,150.33562722718383,Sppkd EjwayEjway
23,118.2721293959456,184.23520242982036,Vil KesycxvbKesycxvb
62,132.9838048942109,156.06033531692415,Sq EitrdoboEitrdobo
64,45.63156801135947,177.71445357479485,Dp JrevqmamiJrevqmami
42,104.9452106688312,172.4142671276478,Kokv UrltjqzrUrltjqzr
20,83.29014750914054,179.83029704586076,Zwjb LdqteyluLdqteylu
48,92.92895017823308,161.4281427657697,Gk TqtbnxbmjTqtbnxbmj
58,138.2799934868934,166.08683803278117,Ti NmgeuynxNmgeuynx
40,60.34950496232713,180.44067875361952,Rd KssKss
20,83.22198669178417,179.2497234252494,No AgezsAgezs
27,118.90721032009664,171.0350314360762,Waan QknadrQknadr
32,111.2878834178889,184.41644734756247,Awiv UhpeyhonUhpeyhon
37,51.42151658369927,183.4953726216604,Mq PkwPkw
69,126.54263504906064,152.9355050128305,Ki LbuirLbuir
63,61.5405943391917,155.4382147484072,Bd VlyVly
56,48.93274632752911,172.3994781278665,Ghhit NhlqqeoNhlqqeo
68,58.91578256179003,190.89500099285172,Kcwaw RuqxanRuqxan
60,92.88296603847388,194.19475694972215,Pynu KskykvKskykv
41,88.84461477395998,181.01905838349933,Qg CugahdCugahd
55,137.42350898993482,159.1907755698045,Jvidee EddzyoEddzyo
55,144.90487417441472,196.61833790194532,Lasdt MlvyfMlvyf
33,87.2178037798985,185.09640294182907,Tic IpzIpz
19,94.55070567011032,199.62379782781625,Leqvja NhjtorNhjtor
66,83.8367108080897,171.93924913130903,Cc FweqyFweqy
38,138.14377877896976,153.60352607169418,Epwn PcjkPcjk
49,145.0755211336329,164.60229149826128,Tly NjcNjc
56,107.7476982625553,154.9668171859774,Mc FqqnFqqn
21,114.82960979374216,199.47250717567783,Uqqae GyvahenGyvahen
41,72.05759999933869,189.3823304966008,Fdzk PqhpkPqhpk
40,51.80878803884359,155.26419127719973,Cv SdsviibexSdsviibex
36,65.58113136816891,165.62263765337943,Kz QnvcpezQnvcpez
54,79.83764673883469,197.80258747542888,Spft TjlbcTjlbc
52,96.5867650374618,183.66670908052487,Hg CmdbrpftCmdbrpft
31,143.64772628720272,162.42460745095076,Fyfb AsjwAsjw
63,87.71588006445488,167.53164274508055,La YeyqduaiynYeyqduaiyn
39,42.53380500023741,177.46810531661603,Mcxa VnuzruhVnuzruh
35,108.24577755681187,154.3352410484035,Uxce LfmddbLfmddb
62,56.19751681703491,174.92651415803846,Gr PhbPhb
42,64.44669077503292,160.8399071358418,Bo MqwnjMqwnj
54,143.566676346078,184.95494683189787,Xpt EipgEipg
50,45.469737442275886,174.6852939673163,Vtz OlmOlm
63,137.56780521404988,193.78994110760908,Am OfydOfyd
28,139.50440643819925,178.0074436542152,Ch ItehIteh
55,83.26141576050713,154.61748924654296,Atz VumuVumu
32,115.74930550708191,180.1632156498233,Li CtyCty
55,86.35137011518843,185.0142419330361,Los KmajKmaj
44,103.95153640220892,171.76323711999794,Tqgrz UcfhckUcfhck
69,50.37326291715504,180.76073095409825,Hy YtlYtl
49,133.618489138963,171.11197240798484,Fmzm RoketcqRoketcq
54,68.97149882349888,174.27121962812623,Lyzp IjebvIjebv
45,141.8810737989809,174.987333289282,Ehwl YrfyYrfy
52,136.3333808513088,184.63911811398015,Sb NkesNkes
23,90.11352439719492,192.34498708018145,Cd LgrdybLgrdyb
19,111.18614452391049,162.58534959052656,Xhq DxvyvDxvyv
46,97.83761173855052,171.946248604998,Lu TofkwrsTofkwrs
32,66.60469828577655,170.09891492286764,Tdf GhbckrrGhbckrr
65,147.7501487345237,156.6909987256227,Li VzrukathdmVzrukathdm
39,54.38571361104805,171.30745251103804,Ly LrndahgLrndahg
22,89.29470845928037,181.1973402830112,Us PycuzpetwhPycuzpetwh
70,132.82090925455628,181.7711150248208,Wb FonjFonj
43,65.5765417128695,192.87048101070357,Nj LlfcpxlLlfcpxl
47,55.42504793257628,163.81794390103204,Xp TnnTnn
56,122.91192984702536,172.9715864713218,Om KescxKescx
27,45.63452843775404,162.58899662167465,Sf VtgVtg
45,70.0688893194709,157.67241950504493,Nw ZvgfZvgf
42,50.75507746071492,198.6618509774102,Hb IpfrvrltIpfrvrlt
60,77.91411757644295,165.66058405401438,Oo PovPov
53,99.77211756653963,180.67602545579544,Aopsjy YemzkfYemzkf
51,79.80097345291355,165.7435557924335,Ci QmmnzdlQmmnzdl
46,70.37805774270102,182.86277250060084,Oh ZisxgZisxg
28,105.51795232778944,177.27502602149357,Ugcr YmnknqYmnknq
51,72.61612508998128,172.9888402188723,Umijhi NuubbpNuubbp
26,129.05375809809232,151.63420814683,Ak MwjkMwjk
68,100.52858404385717,167.02476431179605,Cbx FojmikwFojmikw
21,141.07220998692517,166.21988024519945,Qf JiqsqhfqinJiqsqhfqin
23,54.91369422223684,150.3898252781151,Qlj HhiHhi
28,41.12132773708594,181.3048689902916,Al RovRov
66,127.81796251992316,165.50154442685653,Kkpk JxcdlJxcdl
22,119.21344745412635,190.2047424603271,Khbszo GjyibyGjyiby
40,75.3858085922555,191.50934552414336,Ivp VqytdrtVqytdrt
35,144.6407440410443,180.7443718788482,Hq HfkHfk
55,113.53293486145547,172.31562814915247,Tk VdfatVdfat
43,91.13407628498298,165.2941830699138,Vr CwtfdfjCwtfdfj
27,115.86365887314722,176.27253351810663,Cvwg ZvkeqlwZvkeqlw
63,78.52002602870567,192.63588011227773,Ah ObzatznObzatzn
29,149.108516703328,183.354532967112,Gz JkdfiJkdfi
58,126.21726851283834,167.15250757838788,Ik MeufwMeufw
25,148.18309493240565,186.09760039121971,Jy KucKuc
41,137.8002309778546,184.4621078124344,Ii DpcfkyhDpcfkyh
33,143.2960737286431,174.745955976607,Ri FtrkjyyheFtrkjyyhe
67,126.92663421434906,151.63652953926123,Wnp YuhpjprYuhpjpr
47,113.81525781915636,157.7230620121898,Sc IntgrcIntgrc
22,112.0792670958854,197.79266933610003,Zswu CdjrvotCdjrvot
61,128.19502731305153,167.33550513128154,Hfmi OfikOfik
64,131.85012840398747,151.73252250435442,Amtm XjhhiyXjhhiy
33,110.44597980543529,179.68883923089777,Svl ZvpshlZvpshl
24,98.69180385532604,156.22289192161796,Iwf UsihwfUsihwf
26,116.7686565496734,158.52476942784088,Qposjp XxgpveXxgpve
67,139.07742688260956,166.06193617943396,Yh XhcetroaXhcetroa
23,132.23636278147893,174.0236280409588,By JtchtnuarqJtchtnuarq
52,78.74540232421856,181.6582080456921,Ua WlkfezWlkfez
44,90.35322371019817,184.84806920647745,No RileRile
44,68.96196030661758,171.50562753566922,Zi MsuMsu
53,145.0067163149605,151.9314416899109,Cqoe XdbxXdbx
46,145.73714894319187,196.2711110740701,Coa LiaihLiaih
59,86.02613932761295,167.66989784087718,Re TablaxlaTablaxla
27,86.12611567774118,181.66103969595625,Cpwl OunyaqOunyaq
18,83.75611237879748,187.49910107504985,Te IeltqwhIeltqwh
31,70.88428532226376,198.06481242148183,Kpkh BlifBlif
54,108.55399009597404,185.0764394353509,Jh FrpFrp
50,116.55623241528588,178.11881033450268,Ez VdzekcaVdzekca
44,127.2007156951229,164.79947455670518,Yj EirEir
31,146.091689112391,167.39181835702868,Yyzir PvwijnPvwijn
28,148.88825589079096,178.1590242014571,Fbk AohnpyknAohnpykn
22,91.5256551876048,183.55580913555335,Qwrb DyveDyve
34,144.89368252417705,198.8241084315457,Dbfa JefhboJefhbo
28,108.87391966397632,160.8463649371473,Ds RqcxRqcx
59,109.50707867551318,172.13028875056025,Kfj LvcuLvcu
20,127.8414186161856,163.54746191540912,Kz XxlelXxlel
22,79.90744114852912,168.0486435314625,Tm IpjuIpju
20,122.21268073098214,168.07910601328425,Gl KrmbKrmb
26,138.88841393550683,187.09339715095783,Lgdcy RxmehRxmeh
56,109.43656229925725,184.9826569688477,Fk WujrdmfoyeWujrdmfoye
19,146.1256787401279,184.3445767508572,Bhnz XkwaghXkwagh
53,119.47573866540117,189.6854031983328,Fa NhatwNhatw
42,49.12889887918388,172.96123587315626,Frq HjnysgHjnysg
26,70.4207467087441,184.1158684141404,Khe GsghGsgh
34,60.02770930772461,186.05091960463173,Loypp ZqnlgnZqnlgn
68,125.87002545459406,187.08745787904397,Zd GgzxnGgzxn
24,99.19220412617918,188.224209517412,Cvgq RpcwRpcw
61,141.50007176784084,151.14757429914883,Au NzszzhNzszzh
62,80.89149653979145,173.3877399559883,Zyx QvqagaiQvqagai
39,114.4092185786868,153.51346447027373,Bi JuvegvJuvegv
44,66.14704946453602,153.1849851855487,Hrvx DsqpyDsqpy
46,59.66928352078474,175.6058491482923,Ogxy UnwhUnwh
44,137.08277218756578,189.5774995773685,Dfoc XosnidXosnid
65,135.68708868633905,183.40775696192776,Ng SbtavSbtav
29,50.1785040308184,164.51079437927493,Zpv QpeaoQpeao
54,131.38640869124714,167.3239588669783,Ilo ThfojThfoj
57,113.85706003081752,176.97704697015865,Th NgvndccmlvNgvndccmlv
36,103.0027737844692,186.9378396259105,Icydw SibhhraSibhhra
33,58.44236330079398,197.67713516009135,Ojp YrnYrn
54,130.32329121586463,162.52441893656015,Uac CprxCprx
45,139.2123800295355,185.49732469308333,Xatx LzbmnLzbmn
38,69.68694015120838,193.72942554617103,Irwu GiknqGiknq
28,102.06896667464986,173.10111116138597,Ubw WamcnaWamcna
63,43.28130439276296,173.3255743577833,Tva BogBog
47,54.00153009014666,154.931377549016,Wb BzawkexBzawkex
40,51.86069880812842,192.07717540552375,Dcbe RdtiRdti
53,144.91664027365266,164.734817761089,Rq TwhglTwhgl
44,124.76524285560558,166.15298240326842,Qj CtsmCtsm
47,82.2336083876074,163.82547688826824,Nm FxeFxe
66,97.98232872790967,163.9102922891541,Ust FyxkjzFyxkjz
60,75.09477998459168,167.74500531148368,Cg SgsptqSgsptq
36,147.8012624614609,191.447033273444,Mt GniqGniq
32,69.56433179860905,182.64869180742863,Jx YjsycnbqYjsycnbq
27,126.07172751388218,189.9715214300953,Ql MlfMlf
44,115.62469190909184,175.06898468916975,Ps ZhfuoigaZhfuoiga
33,94.46279997418743,177.77283724728343,Cst UffUff
31,68.12959386894954,174.14311635700184,Hkcki IxetkuIxetku
50,137.44736335650384,186.2022545886816,Ri YyhqbzhuwhYyhqbzhuwh
63,74.9645067888184,183.4557109955818,Pqtb RernjkRernjk
67,80.16251572565488,175.63900616833124,Cle UxcUxc
64,87.27035904694398,166.00366830371615,Cw BtnBtn
68,115.28615549672828,166.31495149496084,Zt WvyWvy
33,147.83245876752272,163.98104095843306,Kdtf BywwsBywws
54,81.39594690961891,176.34620817835955,Ra XbuXbu
18,114.29127613017226,175.17081940268594,Vl WdwhWdwh
60,55.93853747330837,184.8531931542452,Siipj NhppxNhppx
55,52.5032153964124,159.78108808855006,Fy JklJkl
33,121.4673330412301,150.16160173086556,Vuy LjbmcqiLjbmcqi
25,68.62488246823645,157.13562692400455,Pxo ZcnZcn
18,141.19745612775597,183.2614213775333,Rh AdfhpwndAdfhpwnd
38,82.66845609691437,151.24781322948985,Rix CoguCogu
39,106.04404500249956,173.35133472288024,Tw WaxowczvrxWaxowczvrx
28,54.98777420536021,182.38969880609815,Ec DuvlayDuvlay
54,46.28220801150134,190.80892830749863,Idb FjjFjj
47,82.52228843564424,158.13838379018534,Amqd ZkfvpkpZkfvpkp
65,65.41256493422077,174.37406370228302,Wgl XhjXhj
25,122.62903858448048,166.28054072896848,Kgko ZaqrZaqr
28,76.72036832536493,186.8579095276319,Vo ZsxowrybZsxowryb
50,113.5005203884574,157.55176252991083,Gm WukWuk
23,88.73754256577539,153.88570981081173,Qvpc LlydcshhLlydcshh
36,113.79971877300233,181.9665800448695,Xjo VackqxiiVackqxii
60,52.55596243950404,174.41859319307227,Jrx WqfWqf
23,116.18809123218192,177.67166635383913,Le DubqDubq
58,113.02905487970564,154.29884986346585,Jing NhbgoNhbgo
45,87.66917001513602,186.0563004955484,Xe NvpoNvpo
62,134.4434266392704,197.87545826140163,Kk GvdhmuGvdhmu
39,63.16735743699387,179.61130275253663,Lli OanyOany
39,123.91232897351249,197.36834735045773,Fixfqm XorurmXorurm
40,58.49039580797732,176.4410169963888,Um NpbouNpbou
30,149.28861058721031,191.21483829887583,Ctiq OqeexOqeex
23,98.74475051544226,184.68256128053935,Wqh UmrdiUmrdi
33,66.2623098015899,174.82727258831943,Yy SxaSxa
47,148.8573698442798,154.0677225595687,Azmjhq CvqlokCvqlok
53,137.79152414371197,152.57111649244618,Rsw ObyriObyri
31,104.5146445203732,157.55836602700109,Qwbu QotbwQotbw
45,136.0800140872252,165.3393598958543,Dux CbbCbb
24,79.90567570941008,186.3975037310052,Ayh ApkApk
52,65.8860675623139,166.89207457581008,Dsqyw VfkocjjVfkocjj
40,42.26584753990337,191.7748760721568,Zfq MwiMwi
65,60.41781207677772,179.76169837539106,Elzgm PsuhmmPsuhmm
50,114.66248473975358,192.01462174167995,Bj NgfNgf
18,57.73963602555584,154.01405209818444,Yxx AnmvAnmv
51,145.99555486233268,186.80466310428184,Zpv YaxtoabYaxtoab
64,40.78000364498755,198.63523288569317,Tt LrkbhLrkbh
24,59.732785335747394,199.79791619334557,Stp FncbfFncbf
60,90.87987992296884,169.44175087399628,Zh HqdkfHqdkf
19,40.185925671027874,192.7818748407908,Zjkkn XiwwqXiwwq
31,59.24658023770219,183.43498742533225,Brr MtaaeMtaae
35,138.08776197812006,172.2631489150738,Ve TptTpt
66,40.1215398819546,192.1923110747383,Mof VfloVflo
23,46.15289136504932,195.40900174866115,Grpc BfxmlqnpBfxmlqnp
64,139.73891014872532,187.19719218249,Zja LittLitt
70,107.67397209159378,182.59006271338052,Hmiyts AxjvadAxjvad
26,45.64898122136861,188.87356091980217,Gk AoebAoeb
21,56.68962386799705,158.322220423088,Fbry ZpotqendZpotqend
45,147.48492056630937,188.4173779173174,Agk KfbyvqKfbyvq
21,85.65351323536636,165.62378734760233,Lh IyyhIyyh
54,91.3447409614621,178.96176876414523,Zpw FnnnooxdFnnnooxd
23,86.01770836350593,187.544071485637,Ug RcuRcu
51,81.22804456130598,152.06021276686934,Ah MpndMpnd
58,106.4156596916628,159.9620668553527,Pn AstnrarAstnrar
65,81.30063105871241,178.24988251570997,Hjnca MurhxaMurhxa
43,105.75639133242552,161.52516561878227,Updkf ZzebgZzebg
36,46.94499172584145,193.25534927230927,Ntqq VgbfwVgbfw
36,63.39675887491994,197.99021181389895,Dmj MogvrudMogvrud
64,63.840504774491,153.2031506935418,Yi ZkuccoxuZkuccoxu
59,111.3516126374199,161.55134564982316,Pwuk FwaciFwaci
44,99.53056661211626,161.4767516291599,Sxx PazskPazsk
62,75.22048059238962,167.35203103101802,Les QhegkvmQhegkvm
51,117.53407658939392,151.23407455707755,Qg GphlsdbaoGphlsdbao
44,103.30308355023588,155.22541422411817,Xlqcr AoetfbAoetfb
48,121.38455378866072,198.7552694605358,Vr KnnssKnnss
25,90.97214362452912,161.12272688818692,Wdi BlabthafBlabthaf
69,61.7925611767609,157.30603513552043,Qngae FjihaxvFjihaxv
39,40.66096186066062,182.43384089592945,Au MeviMevi
59,120.09164401568226,169.5158535369162,Mvrjo QknambQknamb
55,95.6136750460128,166.5237478957739,Ora MmzeMmze
31,97.7899701688111,192.4182106556599,Mhw ZsrZsr
56,67.57904313688545,160.64397643698115,Gr HgnjwapnkHgnjwapnk
58,41.5093437902739,178.98814121339333,Oi RntmdhvhuRntmdhvhu
52,74.61314100431761,181.6745065196552,Cp DczbwcwDczbwcw
34,130.0107176491331,159.9162460281459,Ez ZigiznpZigiznp
40,82.61395926637333,160.0819012492233,Ctyhh VyaghsVyaghs
38,97.95499614919002,184.754143162878,Uua GicGic
36,50.9368237917248,191.52056051840825,Bqjd QfdwfraQfdwfra
37,128.285888612891,188.6903397037828,Mspz YgjewkkyYgjewkky
32,126.84410450626774,191.42902366582223,Xf PksynfkpPksynfkp
35,117.16740911991984,159.6455283370691,Zunon WlghydWlghyd
28,53.70756210185564,157.01659337453296,Gy HnpgppHnpgpp
54,114.29596006663246,194.21876033695477,Vjhy FffikFffik
55,104.16694155542515,177.12934017759935,Rg MrrptaMrrpta
56,45.44127372428211,160.6640252011347,Ee CqfCqf
26,86.18248054771566,174.14197646805422,Rlbco MjqqvucMjqqvuc
61,130.4955999763505,151.50091982262123,Qr SesdzSesdz
53,120.59232875923472,169.37704486116797,Gmy YcmdYcmd
64,72.52492185767989,161.3736204918407,Peh PnvlaPnvla
59,51.71383712266916,173.99318460556583,Yj AukdcdAukdcd
34,72.94943460897431,184.60914819485055,Fgh SojexSojex
55,61.07634355802163,197.9868534002861,Mt ImeccfuImeccfu
38,146.8658734278284,194.66306449604855,Vq EsjaohmbnqEsjaohmbnq
34,104.37048371344412,183.457988603584,Dm QdlwmQdlwm
45,116.6137364607394,199.23558245157216,Yy UtckcUtckc
46,139.13711254767958,188.31900756647912,Ojcjj YdypxYdypx
51,92.65585611333572,150.89287332295194,Gq OaffulwzaOaffulwza
43,132.34710818894428,177.98007272499152,Kotoi SgyomdSgyomd
60,122.7286248073433,178.78141334178616,Ki LnriLnri
32,86.21370181027311,179.30461774623942,Zazl TaoiyTaoiy
51,50.369532804176366,187.4894038821617,Ven RiukcRiukc
54,114.51692981452756,184.1989511380673,Gfxk EweixEweix
45,112.10337047627488,164.6482651621036,Mrrx EgogEgog
27,98.07229372207708,191.4777025404973,Jok JroJro
62,87.51633201146092,190.8150148104039,Pckq BhcnoBhcno
47,110.33735750117955,186.20626417886209,Ju JgfgrniJgfgrni
65,59.84445065907843,151.1663926487634,Cadm PwyszPwysz
41,144.36726654244677,160.65934289376796,Fv EabospbnvEabospbnv
44,81.1936813836069,187.66434980668083,Iv TpsTps
47,113.02481627242742,163.80513950298362,Gvxf YqocjfzmYqocjfzm
66,72.05710044342672,196.0487441821176,Abbkp RsyvynRsyvyn
20,135.64860958593658,150.6747995551302,Stpv CqslgroiCqslgroi
51,148.47217793429405,156.10654072287082,Xg LiayLiay
68,100.22941686223164,188.13292848937465,Obcoh ZfftiZffti
25,71.29685519940067,165.50197691231648,Mbf WsjjWsjj
26,56.74148218025893,159.86522656706924,Okcv QuprzbQuprzb
58,131.5613956718314,156.10181370562248,Txpx CakefxCakefx
23,118.73462923889268,196.91322212379472,Kn GxpckkmGxpckkm
26,70.02225488208069,178.77886329869193,Iokbw MxhworMxhwor
43,74.90411558427047,193.2694299219586,Tlc FefqebkFefqebk
62,74.82816689643404,189.1219276441749,Zdf ZxdpZxdp
51,46.27747453723256,174.54528202747431,Asd ZkisZkis
36,53.83576683366219,163.64880322092307,Ib VrjbvxVrjbvx
58,98.10036663634664,191.14828435009605,Xwq XdlvqzXdlvqz
21,104.65479278249992,176.48148602271084,Od LxjjjdrxLxjjjdrx
52,148.67991434070518,197.5394089114271,Il DudDud
36,85.03569060721803,184.1656184610139,Putz GaznjGaznj
46,119.12540353029148,183.6249624793048,Xyhi YrhbclmaYrhbclma
37,75.10156142957337,161.78201821001076,Kxso KirdKird
63,71.22171069981486,187.0849460626241,Qvx KvbhlKvbhl
40,121.82390087491014,165.9391342250704,Inmn OdkghOdkgh
54,83.33661651994288,165.18757451279473,Ywjn TjnsrTjnsr
22,112.61649226153033,188.28660025172832,Yjn DryDry
34,93.43907394088131,150.0140111689451,Hb ZyvheZyvhe
41,94.15800152419558,180.57696244480456,Wpo YenrpYenrp
29,67.88901412299325,165.49775079041387,Bqd LtmvexLtmvex
26,144.46809986976922,163.85430641128866,Ps EdceuEdceu
40,77.5454612010121,167.67572619240812,Dak FidhylFidhyl
23,97.28895742896924,184.96624003752729,Ek PkosPkos
57,133.70421670639382,176.9680908652486,Pd VmaVma
50,40.63109713026712,159.59989774634423,Xzb PrvzPrvz
59,125.1775966921797,154.07779323594946,Gxdp PocdfqPocdfq
27,121.77353238755872,191.26340763109903,Pbq CloqCloq
48,80.37994290392902,177.00113929534842,Wvu EiywEiyw
38,42.434711428723865,194.9313250668457,Vzui YigzYigz
21,141.39926342695662,178.07268901972748,Jjgus DfhamDfham
40,122.5010963008643,179.1349501567304,Hnx KnirynbKnirynb
24,95.37414271230082,184.9710725853764,Lp McusymznqcMcusymznqc
44,148.13131974134794,157.77882257672073,Qz ZfyZfy
63,68.75607361449983,187.40362604364543,Vdaq VnssgcrVnssgcr
35,149.7208582799626,174.37182437481965,Lf BnjjzBnjjz
26,91.73590957193076,180.12816285553038,Ev GxdGxd
55,126.17985460043154,157.48134347031396,Gxwew SvpbikSvpbik
65,103.83686814255356,192.0998537005886,Olbodd ZrgkyjZrgkyj
25,137.70062413812423,159.39856664218524,Rfjsmc WpxpqgWpxpqg
24,68.05694014268579,155.69025977382967,Kl MyyriMyyri
25,60.98205378671516,179.09372268718255,Hl VdzVdz
69,125.28572436044246,150.95631832465773,Lh AgsuaAgsua
31,116.41359846833356,168.33777094369975,Hc QveerzjQveerzj
22,96.97989399798784,178.03617861675173,Mu IxraariosIxraarios
22,136.49016150345017,178.989924053816,Bd UjqgUjqg
18,133.9058059034618,197.53515096851933,Fjv QwhhQwhh
18,120.37552025628844,150.85546553895347,Ce SddcmskSddcmsk
67,134.81396444868312,170.26297092201423,Cdw LfiwmbrpLfiwmbrp
69,92.56537133232035,181.40906315976372,Qnd TxdlTxdl
45,67.9932907097918,189.56851246537585,Nb LphallcLphallc
21,124.43691323302716,162.6647503392984,Bv HfvvHfvv
57,134.42383753882686,173.11095182175788,Jh ImbvkiImbvki
32,132.30941671850064,198.4786084187287,On YlmYlm
44,65.67149887725408,191.7349320412861,Vh XzwihaXzwiha
51,90.24904426577292,150.61190685344062,Yzad UrvjwqioUrvjwqio
70,91.19834082753172,174.0889400910885,Cxed OvayaOvaya
67,95.2174365316371,150.89202041909198,Qgk RbuquqojoRbuquqojo
39,77.50256022695471,190.3543950044766,Om LjtgwLjtgw
30,133.6922970780002,162.53998159481648,Gjb EkwEkw
56,117.72187138744806,196.44796217781072,Xr YaggeYagge
54,40.822545129425286,179.35063663003862,Ldts YnepeoYnepeo
23,145.93741528050077,174.61477513095636,Ylo JsugcJsugc
70,52.38400773667386,187.5527880921281,Irn DtxnpDtxnp
49,96.14828788153778,182.8347171981975,Fcx DsoDso
69,59.84383936357081,177.04411140473968,Aztt SkdomSkdom
27,118.35055484074388,174.85508899424832,Ne CtqnaslgnCtqnaslgn
38,73.1685834483958,176.82739300487958,Au HjiHji
37,93.891029725238,198.75101066484817,Pi KyzbuKyzbu
21,127.39088614083263,187.111737667992,Ke WzeqwoWzeqwo
66,146.6363706790569,153.63187868560567,Nunk XbhrquXbhrqu
24,91.43760499513286,155.50525437454917,Bh CwfrCwfr
18,44.34687999121515,168.98652891848602,Ibn QjvzQjvz
23,126.32377485341851,160.8486234857733,Dominic Stewart
27,88.98704740305328,174.480858521368,Elijah Walker
52,46.062898758979976,196.8970366915896,Owen Moore
64,77.77283168213188,186.6248157966216,Grayson Nguyen
60,127.20919764204837,178.3766846148958,Jackson Morris
33,147.46723409407826,184.1303221527758,Aiden Robinson
29,124.7731168781679,196.48486261548285,Mason Allen
29,143.46959816521206,179.94309786279408,Mason Martin
67,86.78753509089711,168.32388138249476,Chase Stewart
26,81.47761702428744,186.83594286478376,Evan Smith
27,47.081902338531776,185.6229782318333,Gabriel Moore
65,78.862390725784,153.77534360660854,Logan Stewart
66,73.73830660865102,194.9229913622727,Dominic Walker
27,119.02950562793563,178.24511838294416,Andrew Lopez
69,91.90839524567718,199.05644083534963,Michael Jones
21,143.79623706236512,164.06595460610262,Caleb Campbell
21,87.30554525141538,193.3955746695168,Julian Clark
32,52.36239443606313,173.7068733623498,Chase Lewis
61,109.1788742104006,184.9458252566448,Noah Wright
57,89.1603955544278,198.5330428508788,Levi Martin
64,105.15812265748905,159.20721408913855,Elijah Hernandez
62,140.01082262862508,188.7964155926967,Carter Thomas
65,113.23844869574609,191.5705571765961,Caleb Moore
58,79.95741729029727,186.3046958679343,Theodore Smith
46,149.76485258716542,182.01643043289388,Dominic Anderson
19,122.85573978516628,157.33626330718198,Julian Robinson
20,94.83175908426564,188.70763654288763,Aiden Walker
67,135.22174267747107,178.52881416297996,James Davis
70,48.745107910815065,153.40824476282063,Gabriel Rogers
44,104.37292381252126,198.96310592094568,Grayson Young
